,Lat,Lon,slope,p_value
0,5.550000190734863,68.05000305175781,,
1,5.550000190734863,69.04998779296875,,
2,5.550000190734863,70.04997253417969,,
3,5.550000190734863,71.04995727539062,,
4,5.550000190734863,72.04994201660156,,
5,5.550000190734863,73.0499267578125,,
6,5.550000190734863,74.04991149902344,,
7,5.550000190734863,75.04989624023438,,
8,5.550000190734863,76.04988098144531,,
9,5.550000190734863,77.04986572265625,,
10,5.550000190734863,78.04985046386719,,
11,5.550000190734863,79.04983520507812,,
12,5.550000190734863,80.04981994628906,,
13,5.550000190734863,81.0498046875,,
14,5.550000190734863,82.04978942871094,,
15,5.550000190734863,83.04977416992188,,
16,5.550000190734863,84.04975891113281,,
17,5.550000190734863,85.04974365234375,,
18,5.550000190734863,86.04972839355469,,
19,5.550000190734863,87.04971313476562,,
20,5.550000190734863,88.04969787597656,,
21,5.550000190734863,89.0496826171875,,
22,5.550000190734863,90.04966735839844,,
23,5.550000190734863,91.04965209960938,,
24,5.550000190734863,92.04963684082031,,
25,5.550000190734863,93.04962158203125,,
26,5.550000190734863,94.04960632324219,,
27,5.550000190734863,95.04959106445312,,
28,5.550000190734863,96.04957580566406,,
29,5.550000190734863,97.049560546875,,
30,6.549999237060547,68.05000305175781,,
31,6.549999237060547,69.04998779296875,,
32,6.549999237060547,70.04997253417969,,
33,6.549999237060547,71.04995727539062,,
34,6.549999237060547,72.04994201660156,,
35,6.549999237060547,73.0499267578125,,
36,6.549999237060547,74.04991149902344,,
37,6.549999237060547,75.04989624023438,,
38,6.549999237060547,76.04988098144531,,
39,6.549999237060547,77.04986572265625,,
40,6.549999237060547,78.04985046386719,,
41,6.549999237060547,79.04983520507812,,
42,6.549999237060547,80.04981994628906,0.00012634670511332943,0.0
43,6.549999237060547,81.0498046875,9.170439111488577e-05,2.017697120493267e-11
44,6.549999237060547,82.04978942871094,,
45,6.549999237060547,83.04977416992188,,
46,6.549999237060547,84.04975891113281,,
47,6.549999237060547,85.04974365234375,,
48,6.549999237060547,86.04972839355469,,
49,6.549999237060547,87.04971313476562,,
50,6.549999237060547,88.04969787597656,,
51,6.549999237060547,89.0496826171875,,
52,6.549999237060547,90.04966735839844,,
53,6.549999237060547,91.04965209960938,,
54,6.549999237060547,92.04963684082031,,
55,6.549999237060547,93.04962158203125,,
56,6.549999237060547,94.04960632324219,,
57,6.549999237060547,95.04959106445312,,
58,6.549999237060547,96.04957580566406,,
59,6.549999237060547,97.049560546875,,
60,7.5499982833862305,68.05000305175781,,
61,7.5499982833862305,69.04998779296875,,
62,7.5499982833862305,70.04997253417969,,
63,7.5499982833862305,71.04995727539062,,
64,7.5499982833862305,72.04994201660156,,
65,7.5499982833862305,73.0499267578125,,
66,7.5499982833862305,74.04991149902344,,
67,7.5499982833862305,75.04989624023438,,
68,7.5499982833862305,76.04988098144531,,
69,7.5499982833862305,77.04986572265625,,
70,7.5499982833862305,78.04985046386719,,
71,7.5499982833862305,79.04983520507812,,
72,7.5499982833862305,80.04981994628906,3.0040479915343648e-05,0.00018011637711312645
73,7.5499982833862305,81.0498046875,5.2536536185514364e-05,5.86758627241224e-07
74,7.5499982833862305,82.04978942871094,,
75,7.5499982833862305,83.04977416992188,,
76,7.5499982833862305,84.04975891113281,,
77,7.5499982833862305,85.04974365234375,,
78,7.5499982833862305,86.04972839355469,,
79,7.5499982833862305,87.04971313476562,,
80,7.5499982833862305,88.04969787597656,,
81,7.5499982833862305,89.0496826171875,,
82,7.5499982833862305,90.04966735839844,,
83,7.5499982833862305,91.04965209960938,,
84,7.5499982833862305,92.04963684082031,,
85,7.5499982833862305,93.04962158203125,,
86,7.5499982833862305,94.04960632324219,,
87,7.5499982833862305,95.04959106445312,,
88,7.5499982833862305,96.04957580566406,,
89,7.5499982833862305,97.049560546875,,
90,8.549997329711914,68.05000305175781,,
91,8.549997329711914,69.04998779296875,,
92,8.549997329711914,70.04997253417969,,
93,8.549997329711914,71.04995727539062,,
94,8.549997329711914,72.04994201660156,,
95,8.549997329711914,73.0499267578125,,
96,8.549997329711914,74.04991149902344,,
97,8.549997329711914,75.04989624023438,,
98,8.549997329711914,76.04988098144531,,
99,8.549997329711914,77.04986572265625,-1.5519319725425814e-05,0.12879829040952817
100,8.549997329711914,78.04985046386719,-9.558254272112368e-05,0.0
101,8.549997329711914,79.04983520507812,,
102,8.549997329711914,80.04981994628906,1.9895507880214276e-05,3.1342335216066886e-07
103,8.549997329711914,81.0498046875,4.29919108155355e-05,4.440892098500626e-16
104,8.549997329711914,82.04978942871094,,
105,8.549997329711914,83.04977416992188,,
106,8.549997329711914,84.04975891113281,,
107,8.549997329711914,85.04974365234375,,
108,8.549997329711914,86.04972839355469,,
109,8.549997329711914,87.04971313476562,,
110,8.549997329711914,88.04969787597656,,
111,8.549997329711914,89.0496826171875,,
112,8.549997329711914,90.04966735839844,,
113,8.549997329711914,91.04965209960938,,
114,8.549997329711914,92.04963684082031,,
115,8.549997329711914,93.04962158203125,,
116,8.549997329711914,94.04960632324219,,
117,8.549997329711914,95.04959106445312,,
118,8.549997329711914,96.04957580566406,,
119,8.549997329711914,97.049560546875,,
120,9.549996376037598,68.05000305175781,,
121,9.549996376037598,69.04998779296875,,
122,9.549996376037598,70.04997253417969,,
123,9.549996376037598,71.04995727539062,,
124,9.549996376037598,72.04994201660156,,
125,9.549996376037598,73.0499267578125,,
126,9.549996376037598,74.04991149902344,,
127,9.549996376037598,75.04989624023438,,
128,9.549996376037598,76.04988098144531,,
129,9.549996376037598,77.04986572265625,-2.6268413267939924e-06,0.7804141434675247
130,9.549996376037598,78.04985046386719,-8.067596643338449e-05,1.7545453978584646e-09
131,9.549996376037598,79.04983520507812,,
132,9.549996376037598,80.04981994628906,,
133,9.549996376037598,81.0498046875,,
134,9.549996376037598,82.04978942871094,,
135,9.549996376037598,83.04977416992188,,
136,9.549996376037598,84.04975891113281,,
137,9.549996376037598,85.04974365234375,,
138,9.549996376037598,86.04972839355469,,
139,9.549996376037598,87.04971313476562,,
140,9.549996376037598,88.04969787597656,,
141,9.549996376037598,89.0496826171875,,
142,9.549996376037598,90.04966735839844,,
143,9.549996376037598,91.04965209960938,,
144,9.549996376037598,92.04963684082031,,
145,9.549996376037598,93.04962158203125,,
146,9.549996376037598,94.04960632324219,,
147,9.549996376037598,95.04959106445312,,
148,9.549996376037598,96.04957580566406,,
149,9.549996376037598,97.049560546875,,
150,10.549995422363281,68.05000305175781,,
151,10.549995422363281,69.04998779296875,,
152,10.549995422363281,70.04997253417969,,
153,10.549995422363281,71.04995727539062,,
154,10.549995422363281,72.04994201660156,,
155,10.549995422363281,73.0499267578125,,
156,10.549995422363281,74.04991149902344,,
157,10.549995422363281,75.04989624023438,,
158,10.549995422363281,76.04988098144531,1.831873904625436e-05,0.06134891893640382
159,10.549995422363281,77.04986572265625,9.133984705597433e-06,0.4044553294589204
160,10.549995422363281,78.04985046386719,8.61377659796974e-06,0.10309053602806739
161,10.549995422363281,79.04983520507812,2.0164481681628156e-05,0.0005359655085557247
162,10.549995422363281,80.04981994628906,,
163,10.549995422363281,81.0498046875,,
164,10.549995422363281,82.04978942871094,,
165,10.549995422363281,83.04977416992188,,
166,10.549995422363281,84.04975891113281,,
167,10.549995422363281,85.04974365234375,,
168,10.549995422363281,86.04972839355469,,
169,10.549995422363281,87.04971313476562,,
170,10.549995422363281,88.04969787597656,,
171,10.549995422363281,89.0496826171875,,
172,10.549995422363281,90.04966735839844,,
173,10.549995422363281,91.04965209960938,,
174,10.549995422363281,92.04963684082031,,
175,10.549995422363281,93.04962158203125,,
176,10.549995422363281,94.04960632324219,,
177,10.549995422363281,95.04959106445312,,
178,10.549995422363281,96.04957580566406,,
179,10.549995422363281,97.049560546875,,
180,11.549994468688965,68.05000305175781,,
181,11.549994468688965,69.04998779296875,,
182,11.549994468688965,70.04997253417969,,
183,11.549994468688965,71.04995727539062,,
184,11.549994468688965,72.04994201660156,,
185,11.549994468688965,73.0499267578125,,
186,11.549994468688965,74.04991149902344,,
187,11.549994468688965,75.04989624023438,,
188,11.549994468688965,76.04988098144531,2.675468627458964e-06,0.7008680323468126
189,11.549994468688965,77.04986572265625,7.25706841301879e-06,0.3789910959912408
190,11.549994468688965,78.04985046386719,1.1860937154335644e-05,0.0069526600518592385
191,11.549994468688965,79.04983520507812,2.2016476884663825e-05,9.47310445167382e-05
192,11.549994468688965,80.04981994628906,,
193,11.549994468688965,81.0498046875,,
194,11.549994468688965,82.04978942871094,,
195,11.549994468688965,83.04977416992188,,
196,11.549994468688965,84.04975891113281,,
197,11.549994468688965,85.04974365234375,,
198,11.549994468688965,86.04972839355469,,
199,11.549994468688965,87.04971313476562,,
200,11.549994468688965,88.04969787597656,,
201,11.549994468688965,89.0496826171875,,
202,11.549994468688965,90.04966735839844,,
203,11.549994468688965,91.04965209960938,,
204,11.549994468688965,92.04963684082031,,
205,11.549994468688965,93.04962158203125,,
206,11.549994468688965,94.04960632324219,,
207,11.549994468688965,95.04959106445312,,
208,11.549994468688965,96.04957580566406,,
209,11.549994468688965,97.049560546875,,
210,12.549993515014648,68.05000305175781,,
211,12.549993515014648,69.04998779296875,,
212,12.549993515014648,70.04997253417969,,
213,12.549993515014648,71.04995727539062,,
214,12.549993515014648,72.04994201660156,,
215,12.549993515014648,73.0499267578125,,
216,12.549993515014648,74.04991149902344,,
217,12.549993515014648,75.04989624023438,8.176456500461585e-06,0.7345028646464629
218,12.549993515014648,76.04988098144531,-1.8934344148470296e-05,0.2863607362201628
219,12.549993515014648,77.04986572265625,1.0359224673131296e-05,0.16511499226840565
220,12.549993515014648,78.04985046386719,2.0457249328096984e-05,0.002811052739434272
221,12.549993515014648,79.04983520507812,2.2661853397246633e-05,1.3322676295501878e-15
222,12.549993515014648,80.04981994628906,5.42534056349077e-06,0.4864151645410968
223,12.549993515014648,81.0498046875,,
224,12.549993515014648,82.04978942871094,,
225,12.549993515014648,83.04977416992188,,
226,12.549993515014648,84.04975891113281,,
227,12.549993515014648,85.04974365234375,,
228,12.549993515014648,86.04972839355469,,
229,12.549993515014648,87.04971313476562,,
230,12.549993515014648,88.04969787597656,,
231,12.549993515014648,89.0496826171875,,
232,12.549993515014648,90.04966735839844,,
233,12.549993515014648,91.04965209960938,,
234,12.549993515014648,92.04963684082031,,
235,12.549993515014648,93.04962158203125,,
236,12.549993515014648,94.04960632324219,,
237,12.549993515014648,95.04959106445312,,
238,12.549993515014648,96.04957580566406,,
239,12.549993515014648,97.049560546875,,
240,13.549992561340332,68.05000305175781,,
241,13.549992561340332,69.04998779296875,,
242,13.549992561340332,70.04997253417969,,
243,13.549992561340332,71.04995727539062,,
244,13.549992561340332,72.04994201660156,,
245,13.549992561340332,73.0499267578125,,
246,13.549992561340332,74.04991149902344,,
247,13.549992561340332,75.04989624023438,-8.677992966876907e-06,0.4821147916367572
248,13.549992561340332,76.04988098144531,-5.798595655748797e-05,0.0018049424242632117
249,13.549992561340332,77.04986572265625,3.184206764336004e-05,4.3317390208130746e-07
250,13.549992561340332,78.04985046386719,2.1802815352822397e-05,0.00016656396222103353
251,13.549992561340332,79.04983520507812,5.705480644442617e-06,0.29997480516658515
252,13.549992561340332,80.04981994628906,-9.532492616376198e-06,0.22439378222045825
253,13.549992561340332,81.0498046875,,
254,13.549992561340332,82.04978942871094,,
255,13.549992561340332,83.04977416992188,,
256,13.549992561340332,84.04975891113281,,
257,13.549992561340332,85.04974365234375,,
258,13.549992561340332,86.04972839355469,,
259,13.549992561340332,87.04971313476562,,
260,13.549992561340332,88.04969787597656,,
261,13.549992561340332,89.0496826171875,,
262,13.549992561340332,90.04966735839844,,
263,13.549992561340332,91.04965209960938,,
264,13.549992561340332,92.04963684082031,,
265,13.549992561340332,93.04962158203125,,
266,13.549992561340332,94.04960632324219,,
267,13.549992561340332,95.04959106445312,,
268,13.549992561340332,96.04957580566406,,
269,13.549992561340332,97.049560546875,,
270,14.549991607666016,68.05000305175781,,
271,14.549991607666016,69.04998779296875,,
272,14.549991607666016,70.04997253417969,,
273,14.549991607666016,71.04995727539062,,
274,14.549991607666016,72.04994201660156,,
275,14.549991607666016,73.0499267578125,,
276,14.549991607666016,74.04991149902344,,
277,14.549991607666016,75.04989624023438,-3.6125516264303122e-06,0.8685761540382373
278,14.549991607666016,76.04988098144531,-4.220624684436477e-05,0.0002578714092635881
279,14.549991607666016,77.04986572265625,2.6942537596324503e-05,3.8900437967948065e-05
280,14.549991607666016,78.04985046386719,3.0043069145255267e-05,5.252145315548518e-06
281,14.549991607666016,79.04983520507812,3.5454703879261776e-06,0.536103810787065
282,14.549991607666016,80.04981994628906,-1.4461566026546003e-05,0.06534229064517616
283,14.549991607666016,81.0498046875,,
284,14.549991607666016,82.04978942871094,,
285,14.549991607666016,83.04977416992188,,
286,14.549991607666016,84.04975891113281,,
287,14.549991607666016,85.04974365234375,,
288,14.549991607666016,86.04972839355469,,
289,14.549991607666016,87.04971313476562,,
290,14.549991607666016,88.04969787597656,,
291,14.549991607666016,89.0496826171875,,
292,14.549991607666016,90.04966735839844,,
293,14.549991607666016,91.04965209960938,,
294,14.549991607666016,92.04963684082031,,
295,14.549991607666016,93.04962158203125,,
296,14.549991607666016,94.04960632324219,,
297,14.549991607666016,95.04959106445312,,
298,14.549991607666016,96.04957580566406,,
299,14.549991607666016,97.049560546875,,
300,15.5499906539917,68.05000305175781,,
301,15.5499906539917,69.04998779296875,,
302,15.5499906539917,70.04997253417969,,
303,15.5499906539917,71.04995727539062,,
304,15.5499906539917,72.04994201660156,,
305,15.5499906539917,73.0499267578125,,
306,15.5499906539917,74.04991149902344,8.325796590480969e-06,0.7261426313848287
307,15.5499906539917,75.04989624023438,1.5287094632371197e-06,0.891129928769631
308,15.5499906539917,76.04988098144531,2.7997462574989177e-06,0.6040112295348028
309,15.5499906539917,77.04986572265625,1.272269821558357e-05,0.022875541308121417
310,15.5499906539917,78.04985046386719,9.904834821908175e-06,0.2557214048263545
311,15.5499906539917,79.04983520507812,1.3567021251042644e-05,0.08117768074344678
312,15.5499906539917,80.04981994628906,2.297197036835474e-06,0.8428134335613833
313,15.5499906539917,81.0498046875,,
314,15.5499906539917,82.04978942871094,,
315,15.5499906539917,83.04977416992188,,
316,15.5499906539917,84.04975891113281,,
317,15.5499906539917,85.04974365234375,,
318,15.5499906539917,86.04972839355469,,
319,15.5499906539917,87.04971313476562,,
320,15.5499906539917,88.04969787597656,,
321,15.5499906539917,89.0496826171875,,
322,15.5499906539917,90.04966735839844,,
323,15.5499906539917,91.04965209960938,,
324,15.5499906539917,92.04963684082031,,
325,15.5499906539917,93.04962158203125,,
326,15.5499906539917,94.04960632324219,,
327,15.5499906539917,95.04959106445312,,
328,15.5499906539917,96.04957580566406,,
329,15.5499906539917,97.049560546875,,
330,16.549989700317383,68.05000305175781,,
331,16.549989700317383,69.04998779296875,,
332,16.549989700317383,70.04997253417969,,
333,16.549989700317383,71.04995727539062,,
334,16.549989700317383,72.04994201660156,,
335,16.549989700317383,73.0499267578125,,
336,16.549989700317383,74.04991149902344,5.5934933277198975e-06,0.7779769820040499
337,16.549989700317383,75.04989624023438,-2.9356342376936635e-05,0.008726389601585671
338,16.549989700317383,76.04988098144531,-2.119751552213144e-05,0.003954367257182678
339,16.549989700317383,77.04986572265625,-1.1369549056677167e-05,0.20635891586972877
340,16.549989700317383,78.04985046386719,-1.907060049238248e-05,0.025574163836106667
341,16.549989700317383,79.04983520507812,-1.3654118341662431e-05,0.09869127590654436
342,16.549989700317383,80.04981994628906,1.1613928456872991e-05,0.13587643880510036
343,16.549989700317383,81.0498046875,2.697615054625378e-05,0.0522103586658067
344,16.549989700317383,82.04978942871094,1.2614910506187856e-05,0.010313391543916195
345,16.549989700317383,83.04977416992188,,
346,16.549989700317383,84.04975891113281,,
347,16.549989700317383,85.04974365234375,,
348,16.549989700317383,86.04972839355469,,
349,16.549989700317383,87.04971313476562,,
350,16.549989700317383,88.04969787597656,,
351,16.549989700317383,89.0496826171875,,
352,16.549989700317383,90.04966735839844,,
353,16.549989700317383,91.04965209960938,,
354,16.549989700317383,92.04963684082031,,
355,16.549989700317383,93.04962158203125,,
356,16.549989700317383,94.04960632324219,,
357,16.549989700317383,95.04959106445312,9.781686452071005e-06,0.6490363102555254
358,16.549989700317383,96.04957580566406,-1.2442035260180152e-05,0.691863535744224
359,16.549989700317383,97.049560546875,,
360,17.549988746643066,68.05000305175781,,
361,17.549988746643066,69.04998779296875,,
362,17.549988746643066,70.04997253417969,,
363,17.549988746643066,71.04995727539062,,
364,17.549988746643066,72.04994201660156,,
365,17.549988746643066,73.0499267578125,,
366,17.549988746643066,74.04991149902344,2.2979558902441626e-05,0.3531636459486882
367,17.549988746643066,75.04989624023438,-1.676248904380564e-05,0.07405829774437911
368,17.549988746643066,76.04988098144531,-2.0074836557378638e-05,0.057908744926976397
369,17.549988746643066,77.04986572265625,-1.8444069355427473e-05,0.05975171959059389
370,17.549988746643066,78.04985046386719,-3.6584642729348626e-05,0.004671855893728649
371,17.549988746643066,79.04983520507812,-2.244436430773859e-05,0.020687996944376508
372,17.549988746643066,80.04981994628906,-6.42660583810261e-06,0.5874960574415737
373,17.549988746643066,81.0498046875,1.5529799924663983e-05,0.3795651710637933
374,17.549988746643066,82.04978942871094,9.032215456223908e-06,0.46350567039724533
375,17.549988746643066,83.04977416992188,1.4778275845528453e-05,0.13257314357176297
376,17.549988746643066,84.04975891113281,,
377,17.549988746643066,85.04974365234375,,
378,17.549988746643066,86.04972839355469,,
379,17.549988746643066,87.04971313476562,,
380,17.549988746643066,88.04969787597656,,
381,17.549988746643066,89.0496826171875,,
382,17.549988746643066,90.04966735839844,,
383,17.549988746643066,91.04965209960938,,
384,17.549988746643066,92.04963684082031,,
385,17.549988746643066,93.04962158203125,,
386,17.549988746643066,94.04960632324219,,
387,17.549988746643066,95.04959106445312,-1.317776475946369e-06,0.9339580540482655
388,17.549988746643066,96.04957580566406,-1.4993078785180894e-05,0.17116153647073906
389,17.549988746643066,97.049560546875,-6.894132854952226e-07,0.9537647537027276
390,18.54998779296875,68.05000305175781,,
391,18.54998779296875,69.04998779296875,,
392,18.54998779296875,70.04997253417969,,
393,18.54998779296875,71.04995727539062,,
394,18.54998779296875,72.04994201660156,,
395,18.54998779296875,73.0499267578125,5.088425008921213e-05,0.1344924232576863
396,18.54998779296875,74.04991149902344,4.965540628673815e-05,0.09216999569860396
397,18.54998779296875,75.04989624023438,6.7502179998530155e-06,0.46836364903105143
398,18.54998779296875,76.04988098144531,2.5142554916464943e-06,0.8139287512836724
399,18.54998779296875,77.04986572265625,-1.1830070262099033e-05,0.1881535565225494
400,18.54998779296875,78.04985046386719,-5.3550686408611584e-06,0.6051196186145806
401,18.54998779296875,79.04983520507812,1.6174213692278382e-06,0.8723282078596961
402,18.54998779296875,80.04981994628906,2.3150231570288268e-05,0.1627100210627357
403,18.54998779296875,81.0498046875,8.823895251459073e-06,0.44720032650524755
404,18.54998779296875,82.04978942871094,1.0989691715245633e-05,0.39792128577575125
405,18.54998779296875,83.04977416992188,8.498353311602735e-06,0.5058515437137054
406,18.54998779296875,84.04975891113281,1.1525614820162357e-05,0.2615244907622507
407,18.54998779296875,85.04974365234375,,
408,18.54998779296875,86.04972839355469,,
409,18.54998779296875,87.04971313476562,,
410,18.54998779296875,88.04969787597656,,
411,18.54998779296875,89.0496826171875,,
412,18.54998779296875,90.04966735839844,,
413,18.54998779296875,91.04965209960938,,
414,18.54998779296875,92.04963684082031,,
415,18.54998779296875,93.04962158203125,,
416,18.54998779296875,94.04960632324219,,
417,18.54998779296875,95.04959106445312,1.2841328135007059e-05,0.4256682937677132
418,18.54998779296875,96.04957580566406,-2.1374344137160387e-05,9.896496985217773e-05
419,18.54998779296875,97.049560546875,5.618084233149738e-06,0.5970127126388141
420,19.549986839294434,68.05000305175781,,
421,19.549986839294434,69.04998779296875,,
422,19.549986839294434,70.04997253417969,,
423,19.549986839294434,71.04995727539062,,
424,19.549986839294434,72.04994201660156,,
425,19.549986839294434,73.0499267578125,2.3340402601251203e-05,0.5813118334211824
426,19.549986839294434,74.04991149902344,6.561229739173984e-05,0.004386370711876975
427,19.549986839294434,75.04989624023438,5.4703716110150204e-05,7.909555557250592e-05
428,19.549986839294434,76.04988098144531,4.7404006832115374e-05,0.0006111210233794573
429,19.549986839294434,77.04986572265625,1.7279304749025963e-05,0.1953612082181735
430,19.549986839294434,78.04985046386719,3.668895013187104e-06,0.6973394421737313
431,19.549986839294434,79.04983520507812,1.4735891503603177e-05,0.18305203347734733
432,19.549986839294434,80.04981994628906,2.0672865910892415e-05,0.21173270550512102
433,19.549986839294434,81.0498046875,1.6670326687513834e-05,0.2132864892845674
434,19.549986839294434,82.04978942871094,7.598099126846645e-06,0.469989217936448
435,19.549986839294434,83.04977416992188,3.7937309396065792e-06,0.7176170096271082
436,19.549986839294434,84.04975891113281,3.8726402028618e-06,0.7581571876999755
437,19.549986839294434,85.04974365234375,1.0762069925877913e-05,0.3896978621208458
438,19.549986839294434,86.04972839355469,,
439,19.549986839294434,87.04971313476562,,
440,19.549986839294434,88.04969787597656,,
441,19.549986839294434,89.0496826171875,,
442,19.549986839294434,90.04966735839844,,
443,19.549986839294434,91.04965209960938,,
444,19.549986839294434,92.04963684082031,,
445,19.549986839294434,93.04962158203125,,
446,19.549986839294434,94.04960632324219,-1.5467366735441444e-06,0.7763534186048315
447,19.549986839294434,95.04959106445312,4.536553236012091e-05,0.008814932254623375
448,19.549986839294434,96.04957580566406,-1.8039744879518236e-05,0.15123081904077718
449,19.549986839294434,97.049560546875,9.457509610123416e-07,0.9541865269204741
450,20.549985885620117,68.05000305175781,,
451,20.549985885620117,69.04998779296875,,
452,20.549985885620117,70.04997253417969,,
453,20.549985885620117,71.04995727539062,,
454,20.549985885620117,72.04994201660156,,
455,20.549985885620117,73.0499267578125,6.672416641749488e-05,0.2764282787867893
456,20.549985885620117,74.04991149902344,8.383990192468265e-05,0.00012508999880522786
457,20.549985885620117,75.04989624023438,4.8220450139655804e-05,0.002976011321716987
458,20.549985885620117,76.04988098144531,4.6093779026853795e-05,0.0001248207345163621
459,20.549985885620117,77.04986572265625,3.236908334742247e-05,0.026968917073763032
460,20.549985885620117,78.04985046386719,1.2851791340921423e-05,0.39174396736824013
461,20.549985885620117,79.04983520507812,1.305671908325355e-05,0.37242769197420245
462,20.549985885620117,80.04981994628906,1.5756322000951506e-05,0.3024505732243594
463,20.549985885620117,81.0498046875,6.805801620850196e-06,0.4722702419290179
464,20.549985885620117,82.04978942871094,9.27857302588516e-06,0.3334822933744208
465,20.549985885620117,83.04977416992188,1.0036512598471553e-05,0.35757358870705946
466,20.549985885620117,84.04975891113281,3.900394114411265e-06,0.7353007391056812
467,20.549985885620117,85.04974365234375,8.7282360000636e-06,0.4980954434214415
468,20.549985885620117,86.04972839355469,2.1515588534899275e-05,0.11501581912306613
469,20.549985885620117,87.04971313476562,,
470,20.549985885620117,88.04969787597656,,
471,20.549985885620117,89.0496826171875,,
472,20.549985885620117,90.04966735839844,,
473,20.549985885620117,91.04965209960938,,
474,20.549985885620117,92.04963684082031,,
475,20.549985885620117,93.04962158203125,0.00017768622416517007,2.2870594307278225e-14
476,20.549985885620117,94.04960632324219,-2.3660845910206484e-07,0.9786674902262906
477,20.549985885620117,95.04959106445312,1.9762683428685285e-05,0.02112806605763007
478,20.549985885620117,96.04957580566406,-8.847220025845398e-06,0.0
479,20.549985885620117,97.049560546875,-1.4194178089037912e-05,0.25483662673176344
480,21.5499849319458,68.05000305175781,,
481,21.5499849319458,69.04998779296875,,
482,21.5499849319458,70.04997253417969,7.564666033939998e-05,0.004757579975768866
483,21.5499849319458,71.04995727539062,0.00010629653589934752,0.017850819253651062
484,21.5499849319458,72.04994201660156,0.00012556302910845347,0.006713078346044954
485,21.5499849319458,73.0499267578125,0.00015342474535359922,0.004109903058322928
486,21.5499849319458,74.04991149902344,8.274172812630803e-05,7.702332597347983e-05
487,21.5499849319458,75.04989624023438,3.4159269624889624e-05,0.006146266538959111
488,21.5499849319458,76.04988098144531,2.6722410898130143e-05,0.02221764650737157
489,21.5499849319458,77.04986572265625,1.1804765876274368e-05,0.44372674600044126
490,21.5499849319458,78.04985046386719,1.3554318776069026e-06,0.9095732931458262
491,21.5499849319458,79.04983520507812,1.5532747988612198e-06,0.8823475118779687
492,21.5499849319458,80.04981994628906,5.569441927190883e-06,0.7197946937447832
493,21.5499849319458,81.0498046875,5.914702537377222e-06,0.5512105179433964
494,21.5499849319458,82.04978942871094,7.211590745772411e-06,0.45100726261201585
495,21.5499849319458,83.04977416992188,-5.358009999236109e-09,0.9997887618644938
496,21.5499849319458,84.04975891113281,4.739481272499717e-06,0.6117890062982596
497,21.5499849319458,85.04974365234375,1.0795088213788019e-05,0.23133596288893377
498,21.5499849319458,86.04972839355469,1.486531979463313e-05,0.23112962765670408
499,21.5499849319458,87.04971313476562,2.635345897740788e-05,0.0319751224686029
500,21.5499849319458,88.04969787597656,,
501,21.5499849319458,89.0496826171875,,
502,21.5499849319458,90.04966735839844,,
503,21.5499849319458,91.04965209960938,,
504,21.5499849319458,92.04963684082031,0.00019473770559145728,0.0
505,21.5499849319458,93.04962158203125,9.371901653524103e-05,0.0
506,21.5499849319458,94.04960632324219,-1.7325110806553972e-07,0.9774005418646263
507,21.5499849319458,95.04959106445312,-6.596259980466863e-06,0.0
508,21.5499849319458,96.04957580566406,-3.482931135341716e-06,9.299228054260311e-13
509,21.5499849319458,97.049560546875,-1.5800646172141935e-05,0.0
510,22.549983978271484,68.05000305175781,,
511,22.549983978271484,69.04998779296875,,
512,22.549983978271484,70.04997253417969,,
513,22.549983978271484,71.04995727539062,0.00010439729256428044,0.007419733893053504
514,22.549983978271484,72.04994201660156,9.050479686537792e-05,0.029518550320954517
515,22.549983978271484,73.0499267578125,4.771808206047269e-05,0.0027104720917827674
516,22.549983978271484,74.04991149902344,3.52858431449078e-05,0.003573458311579847
517,22.549983978271484,75.04989624023438,3.415981570817967e-05,0.02839058657736282
518,22.549983978271484,76.04988098144531,2.281777681006527e-05,0.23486369595422651
519,22.549983978271484,77.04986572265625,-2.4825374578506534e-06,0.9091535456478941
520,22.549983978271484,78.04985046386719,-3.4187566314154215e-06,0.5885905435326184
521,22.549983978271484,79.04983520507812,-1.02127199249414e-05,0.5164051335511752
522,22.549983978271484,80.04981994628906,-5.694240214902791e-06,0.682513781258737
523,22.549983978271484,81.0498046875,-2.8879868044281363e-06,0.8094115846333798
524,22.549983978271484,82.04978942871094,3.5924236209763794e-06,0.43402090401200133
525,22.549983978271484,83.04977416992188,4.675745150987656e-06,0.5508568356765795
526,22.549983978271484,84.04975891113281,8.721277941964566e-06,0.33480731834784194
527,22.549983978271484,85.04974365234375,1.5681201560247657e-05,0.08736277897625166
528,22.549983978271484,86.04972839355469,2.237493954893736e-05,0.011297125920110451
529,22.549983978271484,87.04971313476562,1.6823867429281237e-05,0.14354092091261328
530,22.549983978271484,88.04969787597656,2.2996526036944664e-05,0.05062645075153838
531,22.549983978271484,89.0496826171875,7.605954976969492e-05,0.00012084676557488905
532,22.549983978271484,90.04966735839844,0.00010972993775004673,4.1322500976548326e-13
533,22.549983978271484,91.04965209960938,,
534,22.549983978271484,92.04963684082031,0.00014676640650348647,2.220446049250313e-16
535,22.549983978271484,93.04962158203125,8.528552979103051e-05,0.0
536,22.549983978271484,94.04960632324219,-8.995645475161726e-06,0.0
537,22.549983978271484,95.04959106445312,-2.120974363030296e-06,1.1956429113446632e-07
538,22.549983978271484,96.04957580566406,-2.400933414973287e-06,1.532394473535703e-07
539,22.549983978271484,97.049560546875,-1.6084815990279005e-05,0.0
540,23.549983024597168,68.05000305175781,,
541,23.549983024597168,69.04998779296875,6.464300678360097e-05,9.468637689247217e-06
542,23.549983024597168,70.04997253417969,,
543,23.549983024597168,71.04995727539062,3.931109236079092e-05,0.0014022790529317763
544,23.549983024597168,72.04994201660156,2.8684975463719255e-05,0.01800471737055731
545,23.549983024597168,73.0499267578125,2.259597329376643e-05,0.04199926553514732
546,23.549983024597168,74.04991149902344,5.4891659726803474e-05,0.012681161017476628
547,23.549983024597168,75.04989624023438,3.896384208647856e-05,0.04474405696264139
548,23.549983024597168,76.04988098144531,9.366190362448008e-06,0.592245613902973
549,23.549983024597168,77.04986572265625,-2.0676891321342806e-06,0.921336047024411
550,23.549983024597168,78.04985046386719,-9.43710064686439e-06,0.44973624998055994
551,23.549983024597168,79.04983520507812,-1.2075530583632059e-05,0.4654454854071495
552,23.549983024597168,80.04981994628906,-7.924022841523981e-06,0.562229712601769
553,23.549983024597168,81.0498046875,-1.5519611502073187e-06,0.885691549413266
554,23.549983024597168,82.04978942871094,5.416817911129091e-06,0.40774628004723557
555,23.549983024597168,83.04977416992188,7.962219781514309e-06,0.29262877912334995
556,23.549983024597168,84.04975891113281,1.2258200073054302e-05,0.11960065038853251
557,23.549983024597168,85.04974365234375,1.4923554764115508e-05,0.10309053602806739
558,23.549983024597168,86.04972839355469,2.039754086691076e-05,0.03650633713290441
559,23.549983024597168,87.04971313476562,2.380385994911194e-05,0.01609202214494565
560,23.549983024597168,88.04969787597656,4.3875946984597254e-05,3.380514392858913e-07
561,23.549983024597168,89.0496826171875,0.00012385128219566415,4.3298697960381105e-14
562,23.549983024597168,90.04966735839844,0.0001261109353791732,0.0
563,23.549983024597168,91.04965209960938,0.00011091348668404647,6.641132088702761e-12
564,23.549983024597168,92.04963684082031,6.803795432511295e-05,0.0
565,23.549983024597168,93.04962158203125,6.867798601407527e-05,0.0
566,23.549983024597168,94.04960632324219,-8.61311849531617e-06,0.0
567,23.549983024597168,95.04959106445312,-1.4528298805709455e-05,0.0
568,23.549983024597168,96.04957580566406,-1.9953883028219908e-05,0.0
569,23.549983024597168,97.049560546875,-2.9950361542055086e-05,0.0
570,24.54998207092285,68.05000305175781,7.255454792057103e-06,0.30995922237105233
571,24.54998207092285,69.04998779296875,4.770939802959813e-05,6.600741706552782e-07
572,24.54998207092285,70.04997253417969,4.334020750352245e-05,2.491388872982725e-05
573,24.54998207092285,71.04995727539062,,
574,24.54998207092285,72.04994201660156,5.643187869634649e-05,1.8825940806266317e-10
575,24.54998207092285,73.0499267578125,4.039816233008189e-05,5.329403875986571e-07
576,24.54998207092285,74.04991149902344,2.4098971771432273e-05,0.00023203194649212833
577,24.54998207092285,75.04989624023438,3.3952199853736685e-05,0.028582372000747647
578,24.54998207092285,76.04988098144531,1.2020295615488794e-05,0.40774628004723557
579,24.54998207092285,77.04986572265625,1.578417045903313e-06,0.9133521426478288
580,24.54998207092285,78.04985046386719,3.3599840351988306e-06,0.8090012453880933
581,24.54998207092285,79.04983520507812,1.0412108474333162e-06,0.892804319330212
582,24.54998207092285,80.04981994628906,8.14660106045844e-06,0.2928716835742533
583,24.54998207092285,81.0498046875,7.860453044712125e-06,0.30344467558368815
584,24.54998207092285,82.04978942871094,8.240659266829566e-06,0.4840970061490757
585,24.54998207092285,83.04977416992188,7.2436277235195805e-06,0.24567489810806187
586,24.54998207092285,84.04975891113281,1.1979254244520412e-05,0.0795292007154742
587,24.54998207092285,85.04974365234375,1.3032456032046933e-05,0.09988585893711943
588,24.54998207092285,86.04972839355469,1.8624239914272158e-05,0.0251577591079164
589,24.54998207092285,87.04971313476562,3.842971172784679e-05,1.2811062438444765e-05
590,24.54998207092285,88.04969787597656,8.681454013060096e-05,0.0
591,24.54998207092285,89.0496826171875,0.00012527633787642433,0.0
592,24.54998207092285,90.04966735839844,0.00012961235975598025,0.0
593,24.54998207092285,91.04965209960938,0.00011814727268341142,2.5002222514558525e-13
594,24.54998207092285,92.04963684082031,0.00011628143008003073,9.418932300775396e-11
595,24.54998207092285,93.04962158203125,6.0498682253444816e-05,0.0
596,24.54998207092285,94.04960632324219,2.6465364857242914e-05,0.00683192558563106
597,24.54998207092285,95.04959106445312,-2.1768316675957598e-05,1.921705485852243e-06
598,24.54998207092285,96.04957580566406,-3.124031462753349e-05,0.0
599,24.54998207092285,97.049560546875,-3.017215181524354e-05,0.0
600,25.549981117248535,68.05000305175781,2.4909200559579755e-05,2.4627918981945385e-06
601,25.549981117248535,69.04998779296875,5.781426465600953e-08,0.0037995766898091254
602,25.549981117248535,70.04997253417969,2.8345560596682682e-05,2.5376179779712515e-07
603,25.549981117248535,71.04995727539062,4.0970319052574436e-05,9.716893956124295e-12
604,25.549981117248535,72.04994201660156,3.098381846471382e-06,4.4411888544537703e-07
605,25.549981117248535,73.0499267578125,2.1958777369711776e-05,0.0
606,25.549981117248535,74.04991149902344,3.735362207172094e-05,6.422862242061456e-12
607,25.549981117248535,75.04989624023438,3.824936465079985e-05,9.847593362533047e-06
608,25.549981117248535,76.04988098144531,1.3268728369971981e-05,0.28112834538794784
609,25.549981117248535,77.04986572265625,-4.960390279419001e-06,0.41954212204048114
610,25.549981117248535,78.04985046386719,-1.521286853136897e-05,0.03287536805504221
611,25.549981117248535,79.04983520507812,-1.7877394519244241e-06,0.7767592181649399
612,25.549981117248535,80.04981994628906,7.285392740790132e-07,0.9175531593651636
613,25.549981117248535,81.0498046875,5.260379933127573e-06,0.4580340633387672
614,25.549981117248535,82.04978942871094,6.103959772998023e-06,0.2559429324951399
615,25.549981117248535,83.04977416992188,1.0930914861090083e-05,0.03929720257159408
616,25.549981117248535,84.04975891113281,1.0134535640302886e-05,0.07028333079564342
617,25.549981117248535,85.04974365234375,7.841296729262672e-06,0.17416237831175696
618,25.549981117248535,86.04972839355469,1.1867558914886368e-05,0.04232092909370766
619,25.549981117248535,87.04971313476562,4.0058667287160926e-05,4.7200804265123963e-07
620,25.549981117248535,88.04969787597656,6.737736822288391e-05,2.9827496028644873e-10
621,25.549981117248535,89.0496826171875,0.00010137016675368673,3.086420008457935e-14
622,25.549981117248535,90.04966735839844,9.358350434712719e-05,3.5531799724708435e-11
623,25.549981117248535,91.04965209960938,5.5895169531284586e-05,2.6656982621275915e-08
624,25.549981117248535,92.04963684082031,6.267661183914583e-05,2.5275935009450023e-06
625,25.549981117248535,93.04962158203125,4.3697182666876374e-05,2.355893258254582e-13
626,25.549981117248535,94.04960632324219,1.7541894022081294e-05,0.029282066745349722
627,25.549981117248535,95.04959106445312,-2.4724474665811564e-07,0.9778228518085141
628,25.549981117248535,96.04957580566406,-2.4239809087447738e-05,0.0
629,25.549981117248535,97.049560546875,-3.6115833873402094e-05,0.0
630,26.54998016357422,68.05000305175781,-1.7725419588979864e-05,0.0
631,26.54998016357422,69.04998779296875,1.2306942301754133e-05,0.00013003138389477975
632,26.54998016357422,70.04997253417969,1.7014685281387774e-05,0.00026000818301419315
633,26.54998016357422,71.04995727539062,2.2136168282513114e-05,1.6934482927055683e-08
634,26.54998016357422,72.04994201660156,2.8498895109535393e-05,3.625488576020075e-09
635,26.54998016357422,73.0499267578125,-1.1405580292471816e-06,0.0
636,26.54998016357422,74.04991149902344,-5.308472571719491e-07,0.06350817704739486
637,26.54998016357422,75.04989624023438,1.8150855784559795e-05,0.0007917078604147143
638,26.54998016357422,76.04988098144531,4.840395953400295e-06,0.3923297640926491
639,26.54998016357422,77.04986572265625,-1.5080177306043668e-05,0.07998435825490402
640,26.54998016357422,78.04985046386719,-1.5461825297508983e-05,0.0016462470733267232
641,26.54998016357422,79.04983520507812,-5.670732846765807e-06,0.23674666527150245
642,26.54998016357422,80.04981994628906,-4.20387902664482e-06,0.4402686267047815
643,26.54998016357422,81.0498046875,6.331030595623435e-06,0.275494731857016
644,26.54998016357422,82.04978942871094,1.6261095033253008e-05,0.00698591855527364
645,26.54998016357422,83.04977416992188,2.299382957437682e-05,0.0003517976422073854
646,26.54998016357422,84.04975891113281,2.3664671691202607e-05,0.0003836807521693242
647,26.54998016357422,85.04974365234375,1.7853451549890415e-05,0.004765443237829903
648,26.54998016357422,86.04972839355469,2.3647748697313675e-05,6.801357829799848e-05
649,26.54998016357422,87.04971313476562,3.440847832950421e-05,6.781073970119067e-06
650,26.54998016357422,88.04969787597656,2.6454619257049113e-05,0.0034015913552252197
651,26.54998016357422,89.0496826171875,4.7257419434850274e-05,4.7477707192378205e-06
652,26.54998016357422,90.04966735839844,5.117177369047726e-05,2.614285729229948e-06
653,26.54998016357422,91.04965209960938,2.8285990324010058e-05,0.02290728741168757
654,26.54998016357422,92.04963684082031,1.6770092770457268e-05,0.15002774206478753
655,26.54998016357422,93.04962158203125,1.879373452212759e-05,0.0023525651113516233
656,26.54998016357422,94.04960632324219,3.158087701991158e-05,0.00582723409844399
657,26.54998016357422,95.04959106445312,5.558222150145781e-06,0.5438067288876263
658,26.54998016357422,96.04957580566406,-1.6260563725827374e-05,0.11884758783357863
659,26.54998016357422,97.049560546875,-1.615534256445775e-05,0.01201641684290533
660,27.549979209899902,68.05000305175781,-1.3261758047354035e-05,0.0
661,27.549979209899902,69.04998779296875,-2.6773838816163264e-07,0.12465198243688413
662,27.549979209899902,70.04997253417969,3.3154672394005442e-06,0.39159758456222926
663,27.549979209899902,71.04995727539062,1.7087212391194917e-05,5.02274707603334e-07
664,27.549979209899902,72.04994201660156,2.4833608396176758e-05,2.1772139646714095e-11
665,27.549979209899902,73.0499267578125,2.440416750131194e-06,0.5981152865058061
666,27.549979209899902,74.04991149902344,2.073819993468971e-06,0.6906922085904676
667,27.549979209899902,75.04989624023438,6.150371852035848e-06,0.2535134553159697
668,27.549979209899902,76.04988098144531,-5.780353541404803e-06,0.21978282951045403
669,27.549979209899902,77.04986572265625,-1.317455133695365e-05,0.011434396982729966
670,27.549979209899902,78.04985046386719,-1.4973104916668513e-05,0.002169116597231957
671,27.549979209899902,79.04983520507812,2.4631456376426685e-06,0.568317338320468
672,27.549979209899902,80.04981994628906,1.206058667815395e-05,0.04073322402966584
673,27.549979209899902,81.0498046875,2.2690306669953695e-05,0.0013516976585585816
674,27.549979209899902,82.04978942871094,2.7736628609454413e-05,0.00028288824411859537
675,27.549979209899902,83.04977416992188,3.1629847581332964e-05,3.9169144685047286e-05
676,27.549979209899902,84.04975891113281,5.315423163464357e-05,2.07345918212809e-10
677,27.549979209899902,85.04974365234375,4.2373841587186356e-05,5.883707878684419e-07
678,27.549979209899902,86.04972839355469,5.508872046210127e-05,4.969957778655498e-11
679,27.549979209899902,87.04971313476562,4.539893482465821e-05,3.0178082255361005e-12
680,27.549979209899902,88.04969787597656,3.465841815674572e-05,4.138311545176521e-05
681,27.549979209899902,89.0496826171875,4.4381907829270384e-05,1.188308406496752e-05
682,27.549979209899902,90.04966735839844,4.967889383983052e-05,3.840931350751475e-09
683,27.549979209899902,91.04965209960938,2.153083005765147e-05,0.0018245092820428077
684,27.549979209899902,92.04963684082031,2.6059480326735094e-05,0.0018575543489829371
685,27.549979209899902,93.04962158203125,2.506353300465759e-05,0.060111657612624825
686,27.549979209899902,94.04960632324219,2.6855470433747028e-05,0.0016137476660975647
687,27.549979209899902,95.04959106445312,1.804562842473643e-05,0.2597293114039012
688,27.549979209899902,96.04957580566406,1.046552134753284e-05,0.23906253239978126
689,27.549979209899902,97.049560546875,-2.6349319736870404e-05,0.027746786113785005
690,28.549978256225586,68.05000305175781,-3.4756930948621933e-06,0.0016522079080993901
691,28.549978256225586,69.04998779296875,-1.8986274561089742e-06,2.4986679392213773e-12
692,28.549978256225586,70.04997253417969,-4.680762011107177e-06,0.0
693,28.549978256225586,71.04995727539062,-5.967297072572966e-06,0.012709500661167938
694,28.549978256225586,72.04994201660156,-1.394376102447323e-05,0.00193387337313089
695,28.549978256225586,73.0499267578125,-1.3857320338100582e-05,0.002428131760018326
696,28.549978256225586,74.04991149902344,-1.024288052679799e-06,0.7481050457159142
697,28.549978256225586,75.04989624023438,9.421005091370688e-06,0.00465642079260431
698,28.549978256225586,76.04988098144531,1.0505047148263492e-05,0.00615617513651423
699,28.549978256225586,77.04986572265625,1.4444930445646218e-07,1.9065925005445905e-06
700,28.549978256225586,78.04985046386719,-6.979059442748013e-06,0.18218292036246764
701,28.549978256225586,79.04983520507812,2.518341209465211e-05,2.9754565969319913e-05
702,28.549978256225586,80.04981994628906,4.258320497605358e-05,1.2185765729810782e-08
703,28.549978256225586,81.0498046875,4.6479907507588256e-05,1.3154006150983832e-07
704,28.549978256225586,82.04978942871094,4.8367090736801874e-05,2.0788576244878954e-06
705,28.549978256225586,83.04977416992188,5.679570515699024e-05,7.222488935809679e-07
706,28.549978256225586,84.04975891113281,9.594152163209434e-05,6.195044477408373e-13
707,28.549978256225586,85.04974365234375,0.00010752365802035668,5.273781411574419e-12
708,28.549978256225586,86.04972839355469,6.502716774668763e-05,1.4979915086144047e-09
709,28.549978256225586,87.04971313476562,3.2770717450798843e-05,1.0126789029563099e-07
710,28.549978256225586,88.04969787597656,2.4228794063078236e-05,4.313748214190838e-07
711,28.549978256225586,89.0496826171875,2.880806342279109e-05,2.2366161367415316e-06
712,28.549978256225586,90.04966735839844,2.9858371247379963e-05,8.57066083992386e-06
713,28.549978256225586,91.04965209960938,2.1737285160207458e-05,0.00022584536524461463
714,28.549978256225586,92.04963684082031,2.2385286263558925e-05,5.5216479627917536e-05
715,28.549978256225586,93.04962158203125,3.4752344085036575e-05,6.811961505537312e-06
716,28.549978256225586,94.04960632324219,2.1280969655230024e-05,0.10208734814140774
717,28.549978256225586,95.04959106445312,2.1401532545654263e-05,0.04006106095045836
718,28.549978256225586,96.04957580566406,1.713115598651049e-05,0.18462417396412478
719,28.549978256225586,97.049560546875,3.823554513261269e-06,0.7553342861239765
720,29.54997730255127,68.05000305175781,-1.5596730297487998e-05,0.0
721,29.54997730255127,69.04998779296875,-1.3182853214308486e-05,0.0
722,29.54997730255127,70.04997253417969,-2.2999704155403902e-05,0.0
723,29.54997730255127,71.04995727539062,-1.0585267474497117e-06,0.0003008105812460915
724,29.54997730255127,72.04994201660156,-8.53234908279175e-06,0.0
725,29.54997730255127,73.0499267578125,-6.764188545872759e-06,0.0
726,29.54997730255127,74.04991149902344,-1.2627461005946263e-05,8.408821268179878e-07
727,29.54997730255127,75.04989624023438,-9.924435435865745e-06,0.0
728,29.54997730255127,76.04988098144531,7.419631473546033e-06,0.003791384969392464
729,29.54997730255127,77.04986572265625,9.635791770721737e-06,0.05996746724945101
730,29.54997730255127,78.04985046386719,1.227366060695865e-05,0.05106583373375151
731,29.54997730255127,79.04983520507812,1.9820126572730646e-05,3.3316820751139176e-06
732,29.54997730255127,80.04981994628906,6.261033003403694e-05,2.0650148258027912e-14
733,29.54997730255127,81.0498046875,2.5695818737726186e-05,3.1370626096816068e-09
734,29.54997730255127,82.04978942871094,2.3946375395767695e-05,3.2198331187949236e-05
735,29.54997730255127,83.04977416992188,9.356940637965448e-05,1.245870647093028e-06
736,29.54997730255127,84.04975891113281,0.0001189148359083977,3.646194457473939e-12
737,29.54997730255127,85.04974365234375,9.31536405629605e-05,3.3806291099836017e-12
738,29.54997730255127,86.04972839355469,5.368708649225402e-05,7.839874305304306e-09
739,29.54997730255127,87.04971313476562,1.7270619721028217e-05,0.03637850512368157
740,29.54997730255127,88.04969787597656,7.66886829276387e-06,0.06120219434144469
741,29.54997730255127,89.0496826171875,2.4299768579701956e-05,1.1387921355465735e-05
742,29.54997730255127,90.04966735839844,3.5887177677719086e-05,7.561340376049941e-08
743,29.54997730255127,91.04965209960938,3.555800344855449e-05,2.4424906541753444e-14
744,29.54997730255127,92.04963684082031,3.747320180311957e-05,1.4650740620680835e-09
745,29.54997730255127,93.04962158203125,1.875289050596101e-05,0.012624548016118897
746,29.54997730255127,94.04960632324219,1.288474695291144e-05,0.14660955249331464
747,29.54997730255127,95.04959106445312,9.105979303700854e-06,0.19904004650668838
748,29.54997730255127,96.04957580566406,1.646418910352575e-05,0.06651063573731175
749,29.54997730255127,97.049560546875,-1.1415584536411416e-05,0.20052567188981474
750,30.549976348876953,68.05000305175781,-2.9551196467147966e-05,0.0
751,30.549976348876953,69.04998779296875,-2.7032248502553897e-05,0.0
752,30.549976348876953,70.04997253417969,-1.4452493502778182e-05,0.0
753,30.549976348876953,71.04995727539062,-2.7790437320399984e-06,0.0
754,30.549976348876953,72.04994201660156,-6.805051692528323e-06,0.0
755,30.549976348876953,73.0499267578125,-6.491073575999871e-06,0.0
756,30.549976348876953,74.04991149902344,-2.2383875553518486e-05,0.0
757,30.549976348876953,75.04989624023438,-1.3105350783857759e-05,0.0
758,30.549976348876953,76.04988098144531,2.4843593384689233e-05,1.0553324880646642e-07
759,30.549976348876953,77.04986572265625,4.2800300603614724e-05,1.5671752784385262e-10
760,30.549976348876953,78.04985046386719,4.709241332173449e-05,1.1274797540039572e-08
761,30.549976348876953,79.04983520507812,5.5177566538181105e-05,1.496136547984861e-12
762,30.549976348876953,80.04981994628906,7.608025020894802e-05,6.147171487391745e-07
763,30.549976348876953,81.0498046875,3.112593196129389e-05,0.004704667657710937
764,30.549976348876953,82.04978942871094,2.9839446808280204e-05,0.009627002640805848
765,30.549976348876953,83.04977416992188,6.075018075992379e-05,0.00016088113404344462
766,30.549976348876953,84.04975891113281,3.707744145609496e-05,1.8645599575428662e-06
767,30.549976348876953,85.04974365234375,3.565107517256517e-05,3.594854770527789e-06
768,30.549976348876953,86.04972839355469,-6.0874045669587085e-06,0.13909844615157763
769,30.549976348876953,87.04971313476562,-2.3251676351283803e-06,0.6062226921673881
770,30.549976348876953,88.04969787597656,1.051349240202755e-05,0.06635131259875515
771,30.549976348876953,89.0496826171875,2.869578897856331e-05,0.00016017271403634403
772,30.549976348876953,90.04966735839844,4.2349654336380974e-05,1.6325419740503833e-06
773,30.549976348876953,91.04965209960938,4.5769039100647194e-05,8.040160921485295e-07
774,30.549976348876953,92.04963684082031,3.387889393301614e-05,0.0002592044807472327
775,30.549976348876953,93.04962158203125,1.800637948163779e-05,0.10032310119290533
776,30.549976348876953,94.04960632324219,6.390005077401542e-06,0.5170899086193965
777,30.549976348876953,95.04959106445312,2.034783432998918e-06,0.841985018236779
778,30.549976348876953,96.04957580566406,2.5768828197679102e-05,0.0102427782082124
779,30.549976348876953,97.049560546875,1.2024344751816786e-05,0.1400945081050895
780,31.549975395202637,68.05000305175781,-3.27135060995474e-05,0.0
781,31.549975395202637,69.04998779296875,-1.9795853561727222e-05,0.0
782,31.549975395202637,70.04997253417969,-1.756612225893743e-05,0.0
783,31.549975395202637,71.04995727539062,-1.3503429950398864e-05,0.0007962669606096373
784,31.549975395202637,72.04994201660156,-2.0409369224783855e-05,3.375077994860476e-14
785,31.549975395202637,73.0499267578125,-2.0181978014314007e-05,0.0
786,31.549975395202637,74.04991149902344,-2.0683372334028872e-05,0.0
787,31.549975395202637,75.04989624023438,9.23456666519688e-06,0.12124510651894149
788,31.549975395202637,76.04988098144531,4.715225347629437e-05,1.6231460620019789e-13
789,31.549975395202637,77.04986572265625,4.716033409082203e-05,0.0
790,31.549975395202637,78.04985046386719,0.00012535724002497633,0.0
791,31.549975395202637,79.04983520507812,4.710462453030656e-05,1.1633357679841083e-05
792,31.549975395202637,80.04981994628906,-8.227011000062936e-06,1.213445266490254e-07
793,31.549975395202637,81.0498046875,-7.629878967123291e-07,0.17295534593093453
794,31.549975395202637,82.04978942871094,-5.968220219122686e-07,0.21081291075639674
795,31.549975395202637,83.04977416992188,-1.3788869304604606e-05,0.0011839316256927468
796,31.549975395202637,84.04975891113281,6.625030730520525e-06,0.24629463698540888
797,31.549975395202637,85.04974365234375,1.5465817694684737e-05,0.02049345543022163
798,31.549975395202637,86.04972839355469,-1.5879203350621384e-05,6.506148730878181e-09
799,31.549975395202637,87.04971313476562,-2.2274332944876873e-05,6.8833827526759706e-15
800,31.549975395202637,88.04969787597656,-1.9279435742184688e-05,5.461076924007102e-09
801,31.549975395202637,89.0496826171875,-2.3834888272039693e-05,0.0
802,31.549975395202637,90.04966735839844,-5.638926097586194e-06,0.2530733189692167
803,31.549975395202637,91.04965209960938,2.6147625674468956e-05,5.8149810345353714e-05
804,31.549975395202637,92.04963684082031,3.254793064761148e-05,0.00045689722082276063
805,31.549975395202637,93.04962158203125,2.5669516518723566e-05,0.026985428513197407
806,31.549975395202637,94.04960632324219,2.872341994920005e-05,0.012539910861151915
807,31.549975395202637,95.04959106445312,2.9990490738196352e-05,0.015226432544518831
808,31.549975395202637,96.04957580566406,2.2964831863053785e-05,0.008399763379287828
809,31.549975395202637,97.049560546875,1.7034508368330494e-05,0.03003657244941782
810,32.54997444152832,68.05000305175781,9.961377693261638e-07,0.8513145575983354
811,32.54997444152832,69.04998779296875,1.4447965776033726e-05,0.0072284804349844745
812,32.54997444152832,70.04997253417969,-1.1718220775946975e-06,0.6957732730640496
813,32.54997444152832,71.04995727539062,-1.753917607611223e-05,1.9368918771078825e-06
814,32.54997444152832,72.04994201660156,-1.581151181523216e-05,5.67811153651121e-08
815,32.54997444152832,73.0499267578125,-2.485195993469654e-05,1.1235457009206584e-13
816,32.54997444152832,74.04991149902344,1.1931258058348503e-06,0.8423992040957629
817,32.54997444152832,75.04989624023438,3.0381030633442756e-05,3.8104776426850506e-05
818,32.54997444152832,76.04988098144531,2.9460834311509005e-05,2.0441426329398382e-12
819,32.54997444152832,77.04986572265625,7.061806115722617e-05,0.0005506036954676663
820,32.54997444152832,78.04985046386719,3.222117764067974e-05,0.005607073827973208
821,32.54997444152832,79.04983520507812,-1.390712399874278e-05,0.003141363404897124
822,32.54997444152832,80.04981994628906,-1.8116521591306195e-05,1.7763568394002505e-15
823,32.54997444152832,81.0498046875,-9.24371701296208e-07,0.0006726896758513234
824,32.54997444152832,82.04978942871094,-2.0400708203025735e-06,9.931652020789272e-07
825,32.54997444152832,83.04977416992188,-7.2940384876173976e-06,6.578360678410888e-08
826,32.54997444152832,84.04975891113281,-4.686100788746368e-06,2.499026086066891e-07
827,32.54997444152832,85.04974365234375,-4.677395999867649e-06,0.008403669099251942
828,32.54997444152832,86.04972839355469,-1.683806427342957e-05,3.9211522917526054e-11
829,32.54997444152832,87.04971313476562,-1.875656819668751e-05,2.016146294359089e-08
830,32.54997444152832,88.04969787597656,-5.1227438406701e-06,0.217038467570702
831,32.54997444152832,89.0496826171875,-1.1498096489153024e-05,0.012882580607582295
832,32.54997444152832,90.04966735839844,-1.9585328200322355e-06,0.6883466717116398
833,32.54997444152832,91.04965209960938,3.1643287579097886e-05,1.6210635342739366e-05
834,32.54997444152832,92.04963684082031,3.0260682537399905e-05,0.007705765170065826
835,32.54997444152832,93.04962158203125,2.027674888753662e-05,0.09175215034904949
836,32.54997444152832,94.04960632324219,1.801833456333322e-05,0.1468488103030421
837,32.54997444152832,95.04959106445312,1.1948637054434393e-05,0.30080491189459524
838,32.54997444152832,96.04957580566406,1.896583320405686e-05,0.048265862930411574
839,32.54997444152832,97.049560546875,2.0591377369570115e-05,0.040341942093791605
840,33.549973487854004,68.05000305175781,2.876296422788619e-05,4.4015647954198656e-05
841,33.549973487854004,69.04998779296875,4.408033549729134e-05,4.4411888544537703e-07
842,33.549973487854004,70.04997253417969,2.442137656162078e-05,0.0031443589273216777
843,33.549973487854004,71.04995727539062,1.349742336028452e-05,0.006491336571017081
844,33.549973487854004,72.04994201660156,2.2953456089750008e-05,0.00032636445704659067
845,33.549973487854004,73.0499267578125,1.452046952325425e-07,0.07152356672005955
846,33.549973487854004,74.04991149902344,-9.274259985735019e-06,0.05735127189990119
847,33.549973487854004,75.04989624023438,1.5104219546370143e-05,0.07227651322626416
848,33.549973487854004,76.04988098144531,5.729941360587737e-06,0.6652931220081184
849,33.549973487854004,77.04986572265625,0.0,0.8318413906286077
850,33.549973487854004,78.04985046386719,-1.1230040607707842e-05,0.041374993985220154
851,33.549973487854004,79.04983520507812,-2.0138116635841257e-05,3.0323197508508315e-08
852,33.549973487854004,80.04981994628906,-4.491872219225717e-06,1.9812207430192075e-09
853,33.549973487854004,81.0498046875,-1.7310201013314186e-06,0.00995965235184304
854,33.549973487854004,82.04978942871094,-2.697349331720538e-06,0.002014043200800897
855,33.549973487854004,83.04977416992188,-3.941527143500209e-06,7.735529830021903e-07
856,33.549973487854004,84.04975891113281,-8.908797096551143e-07,0.03369292884326702
857,33.549973487854004,85.04974365234375,-1.441887637842946e-06,0.10566038052762772
858,33.549973487854004,86.04972839355469,-5.345691895852266e-06,0.011156641268053491
859,33.549973487854004,87.04971313476562,-1.5246885402313889e-05,1.6853047266618404e-06
860,33.549973487854004,88.04969787597656,-1.9851908915421816e-05,4.421985819735852e-07
861,33.549973487854004,89.0496826171875,-1.5642254789383673e-05,5.0609552739500074e-05
862,33.549973487854004,90.04966735839844,8.046724794366212e-06,0.18803950788577506
863,33.549973487854004,91.04965209960938,3.104043377511376e-05,0.0006621440963572311
864,33.549973487854004,92.04963684082031,3.418478148954886e-05,9.815165219784205e-05
865,33.549973487854004,93.04962158203125,3.556357948361216e-05,0.0002941639076805558
866,33.549973487854004,94.04960632324219,3.3643780956206804e-05,0.00058976242059261
867,33.549973487854004,95.04959106445312,1.9913422707118857e-05,0.06553197336488092
868,33.549973487854004,96.04957580566406,1.302892515067566e-05,0.20607588862648907
869,33.549973487854004,97.049560546875,1.825782201177171e-05,0.08438970404305612
870,34.54997253417969,68.05000305175781,2.9783987855381713e-05,7.451942845015935e-07
871,34.54997253417969,69.04998779296875,3.186428453876557e-05,4.2924511898245754e-05
872,34.54997253417969,70.04997253417969,2.394057688615565e-05,0.007355482918611322
873,34.54997253417969,71.04995727539062,3.323762819563824e-05,7.417537970533239e-05
874,34.54997253417969,72.04994201660156,3.813052597243923e-05,2.1530424976212714e-07
875,34.54997253417969,73.0499267578125,8.541937333630116e-06,0.16112144817077256
876,34.54997253417969,74.04991149902344,-1.784308606299418e-05,0.00095471850673845
877,34.54997253417969,75.04989624023438,2.991262548576278e-06,0.6130108520317412
878,34.54997253417969,76.04988098144531,0.0,0.9868983630651844
879,34.54997253417969,77.04986572265625,9.587223284849504e-08,0.636807178845169
880,34.54997253417969,78.04985046386719,0.0,0.2703422638181945
881,34.54997253417969,79.04983520507812,-9.394652362535215e-06,0.005307271903395527
882,34.54997253417969,80.04981994628906,-7.578291482930108e-06,0.0002576980024258102
883,34.54997253417969,81.0498046875,-6.012633355831124e-06,0.0001749231608405566
884,34.54997253417969,82.04978942871094,-6.148966009032842e-06,1.2371433718794123e-05
885,34.54997253417969,83.04977416992188,-5.621973004049519e-06,0.00010897866807546563
886,34.54997253417969,84.04975891113281,-5.361250184931958e-06,0.0010998147167269323
887,34.54997253417969,85.04974365234375,-2.290402407124967e-06,0.06787164037770199
888,34.54997253417969,86.04972839355469,0.0,0.7024320015355767
889,34.54997253417969,87.04971313476562,-2.0579042711061715e-06,0.07076442147644557
890,34.54997253417969,88.04969787597656,-2.0300618524324446e-06,0.09883985201144996
891,34.54997253417969,89.0496826171875,2.2850208913098446e-05,0.0008967273706577128
892,34.54997253417969,90.04966735839844,0.0,0.5939313748749129
893,34.54997253417969,91.04965209960938,4.553924193373807e-05,4.909125786389801e-05
894,34.54997253417969,92.04963684082031,1.4532909230980478e-05,0.005822922709132428
895,34.54997253417969,93.04962158203125,3.352085156714387e-05,7.072069394098435e-06
896,34.54997253417969,94.04960632324219,3.082802345609084e-05,2.330026842356503e-06
897,34.54997253417969,95.04959106445312,2.4765518652352048e-05,0.005807410458204876
898,34.54997253417969,96.04957580566406,1.5548304538844806e-05,0.09025176585525041
899,34.54997253417969,97.049560546875,2.7225916421720906e-05,0.01234076097860215
900,35.54997158050537,68.05000305175781,-1.2320362045861705e-05,1.5696408617316138e-09
901,35.54997158050537,69.04998779296875,-8.606797327166017e-06,0.05469712492539269
902,35.54997158050537,70.04997253417969,2.080281987633033e-05,0.01072399375026234
903,35.54997158050537,71.04995727539062,3.788895668388108e-05,0.001548052664181787
904,35.54997158050537,72.04994201660156,3.288422981666257e-05,0.002618887713863094
905,35.54997158050537,73.0499267578125,2.6616726104708238e-05,0.011148817483294993
906,35.54997158050537,74.04991149902344,-4.793350327465879e-06,0.5425769638657616
907,35.54997158050537,75.04989624023438,0.0,0.7321094806731965
908,35.54997158050537,76.04988098144531,4.529444280014083e-06,0.15325960529553795
909,35.54997158050537,77.04986572265625,0.0,0.3208856518865564
910,35.54997158050537,78.04985046386719,0.0,0.7465539537765653
911,35.54997158050537,79.04983520507812,-6.080856774870215e-07,0.12768355846841684
912,35.54997158050537,80.04981994628906,0.0,0.04946554505130263
913,35.54997158050537,81.0498046875,0.0,0.15745213321271967
914,35.54997158050537,82.04978942871094,0.0,0.06671008943402357
915,35.54997158050537,83.04977416992188,-8.049955379991839e-07,0.007934609074362164
916,35.54997158050537,84.04975891113281,-3.014358918929149e-06,0.00048349256926627504
917,35.54997158050537,85.04974365234375,-8.215382715435403e-07,0.03450199372230922
918,35.54997158050537,86.04972839355469,0.0,0.47263141859911917
919,35.54997158050537,87.04971313476562,-2.2437142898737067e-06,0.01903197792040001
920,35.54997158050537,88.04969787597656,0.0,0.7236293567115866
921,35.54997158050537,89.0496826171875,-8.923206902595359e-08,0.35999088126841583
922,35.54997158050537,90.04966735839844,2.1806165706122286e-07,0.3229032029513843
923,35.54997158050537,91.04965209960938,3.00875943258544e-07,0.29048193142147594
924,35.54997158050537,92.04963684082031,1.1359534723667852e-05,0.0026044731370959973
925,35.54997158050537,93.04962158203125,2.332068908917133e-08,0.5658995007239189
926,35.54997158050537,94.04960632324219,2.584778246423172e-05,1.2033185754045661e-05
927,35.54997158050537,95.04959106445312,-3.131413565012941e-06,0.03131673050949524
928,35.54997158050537,96.04957580566406,-4.987126565100534e-06,0.0033654236275806326
929,35.54997158050537,97.049560546875,-2.3351507451347448e-06,0.17605245093969168
930,36.549970626831055,68.05000305175781,-1.724915263748571e-05,0.0
931,36.549970626831055,69.04998779296875,-2.2628944820511126e-05,0.0
932,36.549970626831055,70.04997253417969,-2.780555504605703e-05,0.0
933,36.549970626831055,71.04995727539062,-1.1979088683093809e-05,0.0056048533227095465
934,36.549970626831055,72.04994201660156,0.0,0.46976526859831513
935,36.549970626831055,73.0499267578125,-7.942538721416936e-06,3.0207785473024273e-07
936,36.549970626831055,74.04991149902344,-7.941107614897192e-06,1.6662005108969424e-10
937,36.549970626831055,75.04989624023438,0.0,0.8543549083311124
938,36.549970626831055,76.04988098144531,-2.8460473922453654e-06,0.1581945963601954
939,36.549970626831055,77.04986572265625,-9.183003845047412e-06,0.00017085190692811558
940,36.549970626831055,78.04985046386719,-4.2313407931553735e-06,0.0005091497176004101
941,36.549970626831055,79.04983520507812,-6.577354694279481e-06,0.0
942,36.549970626831055,80.04981994628906,-2.236608582149659e-07,0.007735809214089784
943,36.549970626831055,81.0498046875,-8.198595274844047e-06,0.0
944,36.549970626831055,82.04978942871094,-7.959307919413443e-06,0.0
945,36.549970626831055,83.04977416992188,-6.0564495411902065e-06,0.0
946,36.549970626831055,84.04975891113281,-3.4404009074315867e-06,8.715240914503042e-06
947,36.549970626831055,85.04974365234375,-1.2391065262115345e-06,0.007609307210420635
948,36.549970626831055,86.04972839355469,-2.5712084285199137e-07,0.009588273271732284
949,36.549970626831055,87.04971313476562,0.0,0.039600002251009236
950,36.549970626831055,88.04969787597656,-1.636514023810558e-06,0.005522319829165179
951,36.549970626831055,89.0496826171875,-3.6863136832523493e-06,0.0015313691407157215
952,36.549970626831055,90.04966735839844,-4.884286785620481e-06,0.0011776756945705014
953,36.549970626831055,91.04965209960938,4.7601994508454396e-05,3.5816734023086383e-09
954,36.549970626831055,92.04963684082031,-2.7124273187388294e-06,0.11133326318140169
955,36.549970626831055,93.04962158203125,4.331866166263039e-06,0.006091902495452439
956,36.549970626831055,94.04960632324219,-2.6798350553886562e-08,0.007539288225422824
957,36.549970626831055,95.04959106445312,1.853317679234898e-07,0.008856062283700172
958,36.549970626831055,96.04957580566406,-6.364736632878394e-06,0.0
959,36.549970626831055,97.049560546875,-1.0833900061508115e-05,0.0
